{
  "bleu1": 0.2963657957726217,
  "bleu2": 0.15481443004229536,
  "bleu3": 0.08602207249647098,
  "bleu4": 0.04922984500042135,
  "cider": 0.34731142686127936
}