{
  "bleu1": 0.282712511938603,
  "bleu2": 0.14142784586466756,
  "bleu3": 0.07518877039479868,
  "bleu4": 0.04107022551859664,
  "cider": 0.38834883450765095
}