{
  "bleu1": 0.3070866141729261,
  "bleu2": 0.1553634849883156,
  "bleu3": 0.08105131867647981,
  "bleu4": 0.04776571886956307,
  "cider": 0.43973633315848604
}