{
  "bleu1": 0.1721854304633481,
  "bleu2": 0.04763312813885549,
  "bleu3": 1.548551543437475e-07,
  "bleu4": 2.8810252048383813e-10,
  "cider": 0.05656104938814783
}